Category,Calculator title,Calculator ID,Final file path,Icon ID,Icon source,Calculator source,Functional test,Formula review,Mobile test,Print test,Stage 1 status,Required action,Notes
Foundations,Foundation Excavation,foundationExcavation,calculators/foundationExcavation.html,foundationExcavation,Recovered approved contact-sheet render,Rebuilt as calculator-specific standalone HTML using Stage 1 register and source programme concepts,"Pass — default, small, large and decimal formula sets",Internal beta — assumptions disclosed,Pass — responsive mobile controls and single-column breakpoints present,Pass — dedicated print CSS and Print/PDF control present,Verified working route — internal beta,Independent QS/engineering and product-data review before public release,Vertical-sided trench. Working space is added to both sides. Bulking is applied after excavation.
Foundations,Random Rubble Foundation Wall,randomRubble,calculators/randomRubble.html,randomRubble,Recovered approved contact-sheet render,Rebuilt as calculator-specific standalone HTML using Stage 1 register and source programme concepts,"Pass — default, small, large and decimal formula sets",Internal beta — assumptions disclosed,Pass — responsive mobile controls and single-column breakpoints present,Pass — dedicated print CSS and Print/PDF control present,Verified working route — internal beta,Independent QS/engineering and product-data review before public release,"Stone and mortar proportions are user-editable. Cement density is taken as 1,440 kg/m³ and bag mass as 50 kg."
Foundations,Strip Footing,stripFooting,calculators/stripFooting.html,stripFooting,Recovered approved contact-sheet render,Rebuilt as calculator-specific standalone HTML using Stage 1 register and source programme concepts,"Pass — default, small, large and decimal formula sets",Internal beta — assumptions disclosed,Pass — responsive mobile controls and single-column breakpoints present,Pass — dedicated print CSS and Print/PDF control present,Verified working route — internal beta,Independent QS/engineering and product-data review before public release,Nominal mix quantities are indicative. Replace with the project mix design or supplier data before procurement.
Foundations,Pad Footing,padFooting,calculators/padFooting.html,padFooting,Recovered approved contact-sheet render,Rebuilt as calculator-specific standalone HTML using Stage 1 register and source programme concepts,"Pass — default, small, large and decimal formula sets",Internal beta — assumptions disclosed,Pass — responsive mobile controls and single-column breakpoints present,Pass — dedicated print CSS and Print/PDF control present,Verified working route — internal beta,Independent QS/engineering and product-data review before public release,Includes an optional rectangular pedestal. Reinforcement rate is editable and for estimating only.
Foundations,Ground Beam,groundBeam,calculators/groundBeam.html,groundBeam,Recovered approved contact-sheet render,Rebuilt as calculator-specific standalone HTML using Stage 1 register and source programme concepts,"Pass — default, small, large and decimal formula sets",Internal beta — assumptions disclosed,Pass — responsive mobile controls and single-column breakpoints present,Pass — dedicated print CSS and Print/PDF control present,Verified working route — internal beta,Independent QS/engineering and product-data review before public release,"Straight prismatic beam. Reinforcement allowance is an estimating rate, not design reinforcement."
Foundations,Foundation Reinforcement,foundationRebar,calculators/foundationRebar.html,foundationRebar,Recovered approved contact-sheet render,Rebuilt as calculator-specific standalone HTML using Stage 1 register and source programme concepts,"Pass — default, small, large and decimal formula sets",Internal beta — assumptions disclosed,Pass — responsive mobile controls and single-column breakpoints present,Pass — dedicated print CSS and Print/PDF control present,Verified working route — internal beta,Independent QS/engineering and product-data review before public release,Uses theoretical unit mass d²/162 kg/m. All detailing allowances remain editable.
Masonry,Brick Wall,brickWall,calculators/brickWall.html,brickWall,Recovered approved contact-sheet render,Rebuilt as calculator-specific standalone HTML using Stage 1 register and source programme concepts,"Pass — default, small, large and decimal formula sets",Internal beta — assumptions disclosed,Pass — responsive mobile controls and single-column breakpoints present,Pass — dedicated print CSS and Print/PDF control present,Verified working route — internal beta,Independent QS/engineering and product-data review before public release,Modular face size includes the mortar joint. Double-leaf selection doubles the face count.
Masonry,Concrete Block Wall,blockWall,calculators/blockWall.html,blockWall,Recovered approved contact-sheet render,Rebuilt as calculator-specific standalone HTML using Stage 1 register and source programme concepts,"Pass — default, small, large and decimal formula sets",Internal beta — assumptions disclosed,Pass — responsive mobile controls and single-column breakpoints present,Pass — dedicated print CSS and Print/PDF control present,Verified working route — internal beta,Independent QS/engineering and product-data review before public release,Block and joint dimensions are editable. Openings are deducted by area.
Masonry,Stone Masonry,stoneMasonry,calculators/stoneMasonry.html,stoneMasonry,Recovered approved contact-sheet render,Rebuilt as calculator-specific standalone HTML using Stage 1 register and source programme concepts,"Pass — default, small, large and decimal formula sets",Internal beta — assumptions disclosed,Pass — responsive mobile controls and single-column breakpoints present,Pass — dedicated print CSS and Print/PDF control present,Verified working route — internal beta,Independent QS/engineering and product-data review before public release,Volume method. Stone and mortar proportions are estimating assumptions.
Masonry,Masonry Mortar,mortar,calculators/mortar.html,mortar,Recovered approved contact-sheet render,Rebuilt as calculator-specific standalone HTML using Stage 1 register and source programme concepts,"Pass — default, small, large and decimal formula sets",Internal beta — assumptions disclosed,Pass — responsive mobile controls and single-column breakpoints present,Pass — dedicated print CSS and Print/PDF control present,Verified working route — internal beta,Independent QS/engineering and product-data review before public release,Standalone mortar calculator. Water demand is indicative and must be adjusted for sand moisture and workability.
Masonry,Wall Ties,wallTies,calculators/wallTies.html,wallTies,Recovered approved contact-sheet render,Rebuilt as calculator-specific standalone HTML using Stage 1 register and source programme concepts,"Pass — default, small, large and decimal formula sets",Internal beta — assumptions disclosed,Pass — responsive mobile controls and single-column breakpoints present,Pass — dedicated print CSS and Print/PDF control present,Verified working route — internal beta,Independent QS/engineering and product-data review before public release,"Regular grid plus additional ties around openings. This is a quantity calculator, not a wall-tie specification selector."
Masonry,Lintels,lintels,calculators/lintels.html,lintels,Recovered approved contact-sheet render,Rebuilt as calculator-specific standalone HTML using Stage 1 register and source programme concepts,"Pass — default, small, large and decimal formula sets",Internal beta — assumptions disclosed,Pass — responsive mobile controls and single-column breakpoints present,Pass — dedicated print CSS and Print/PDF control present,Verified working route — internal beta,Independent QS/engineering and product-data review before public release,Lintel length equals clear opening plus two end bearings. Material dimensions and unit mass are editable.
Reinforced Concrete,General Concrete,generalConcrete,calculators/generalConcrete.html,generalConcrete,Recovered approved contact-sheet render,Rebuilt as calculator-specific standalone HTML using Stage 1 register and source programme concepts,"Pass — default, small, large and decimal formula sets",Internal beta — assumptions disclosed,Pass — responsive mobile controls and single-column breakpoints present,Pass — dedicated print CSS and Print/PDF control present,Verified working route — internal beta,Independent QS/engineering and product-data review before public release,Nominal mix quantities are indicative. Replace with the project mix design or supplier data before procurement.
Reinforced Concrete,Columns,columns,calculators/columns.html,columns,Recovered approved contact-sheet render,Rebuilt as calculator-specific standalone HTML using Stage 1 register and source programme concepts,"Pass — default, small, large and decimal formula sets",Internal beta — assumptions disclosed,Pass — responsive mobile controls and single-column breakpoints present,Pass — dedicated print CSS and Print/PDF control present,Verified working route — internal beta,Independent QS/engineering and product-data review before public release,Rectangular columns with four formed faces. No beam/slab intersection deductions are made.
Reinforced Concrete,Beams,beams,calculators/beams.html,beams,Recovered approved contact-sheet render,Rebuilt as calculator-specific standalone HTML using Stage 1 register and source programme concepts,"Pass — default, small, large and decimal formula sets",Internal beta — assumptions disclosed,Pass — responsive mobile controls and single-column breakpoints present,Pass — dedicated print CSS and Print/PDF control present,Verified working route — internal beta,Independent QS/engineering and product-data review before public release,Prismatic rectangular downstand beams. Slab-overlap depth is user-editable.
Reinforced Concrete,Slabs,slabs,calculators/slabs.html,slabs,Recovered approved contact-sheet render,Rebuilt as calculator-specific standalone HTML using Stage 1 register and source programme concepts,"Pass — default, small, large and decimal formula sets",Internal beta — assumptions disclosed,Pass — responsive mobile controls and single-column breakpoints present,Pass — dedicated print CSS and Print/PDF control present,Verified working route — internal beta,Independent QS/engineering and product-data review before public release,Flat slab area less openings. Soffit formwork equals net plan area.
Reinforced Concrete,Stairs,stairs,calculators/stairs.html,stairs,Recovered approved contact-sheet render,Rebuilt as calculator-specific standalone HTML using Stage 1 register and source programme concepts,"Pass — default, small, large and decimal formula sets",Internal beta — assumptions disclosed,Pass — responsive mobile controls and single-column breakpoints present,Pass — dedicated print CSS and Print/PDF control present,Verified working route — internal beta,Independent QS/engineering and product-data review before public release,Straight stair flight with uniform risers and treads plus one rectangular landing.
Reinforced Concrete,Reinforcement,reinforcement,calculators/reinforcement.html,reinforcement,Recovered approved contact-sheet render,Rebuilt as calculator-specific standalone HTML using Stage 1 register and source programme concepts,"Pass — default, small, large and decimal formula sets",Internal beta — assumptions disclosed,Pass — responsive mobile controls and single-column breakpoints present,Pass — dedicated print CSS and Print/PDF control present,Verified working route — internal beta,Independent QS/engineering and product-data review before public release,Single bar group. Create separate runs for different bar diameters or detailing groups.
Finishes,Internal Plaster,internalPlaster,calculators/internalPlaster.html,internalPlaster,Recovered approved contact-sheet render,Rebuilt as calculator-specific standalone HTML using Stage 1 register and source programme concepts,"Pass — default, small, large and decimal formula sets",Internal beta — assumptions disclosed,Pass — responsive mobile controls and single-column breakpoints present,Pass — dedicated print CSS and Print/PDF control present,Verified working route — internal beta,Independent QS/engineering and product-data review before public release,Uniform plaster thickness. Openings are deducted from each selected face.
Finishes,External Render,externalRender,calculators/externalRender.html,externalRender,Recovered approved contact-sheet render,Rebuilt as calculator-specific standalone HTML using Stage 1 register and source programme concepts,"Pass — default, small, large and decimal formula sets",Internal beta — assumptions disclosed,Pass — responsive mobile controls and single-column breakpoints present,Pass — dedicated print CSS and Print/PDF control present,Verified working route — internal beta,Independent QS/engineering and product-data review before public release,Uniform thickness per coat. Openings deducted once from the wall face.
Finishes,Floor Screed,floorScreed,calculators/floorScreed.html,floorScreed,Recovered approved contact-sheet render,Rebuilt as calculator-specific standalone HTML using Stage 1 register and source programme concepts,"Pass — default, small, large and decimal formula sets",Internal beta — assumptions disclosed,Pass — responsive mobile controls and single-column breakpoints present,Pass — dedicated print CSS and Print/PDF control present,Verified working route — internal beta,Independent QS/engineering and product-data review before public release,Uniform average screed thickness. Falls and local thickening should be reflected in the entered average.
Finishes,Floor Tiles,floorTiles,calculators/floorTiles.html,floorTiles,Recovered approved contact-sheet render,Rebuilt as calculator-specific standalone HTML using Stage 1 register and source programme concepts,"Pass — default, small, large and decimal formula sets",Internal beta — assumptions disclosed,Pass — responsive mobile controls and single-column breakpoints present,Pass — dedicated print CSS and Print/PDF control present,Verified working route — internal beta,Independent QS/engineering and product-data review before public release,Tile count is area-based. Cutting pattern and room geometry are represented through the wastage allowance.
Finishes,Painting,painting,calculators/painting.html,painting,Recovered approved contact-sheet render,Rebuilt as calculator-specific standalone HTML using Stage 1 register and source programme concepts,"Pass — default, small, large and decimal formula sets",Internal beta — assumptions disclosed,Pass — responsive mobile controls and single-column breakpoints present,Pass — dedicated print CSS and Print/PDF control present,Verified working route — internal beta,Independent QS/engineering and product-data review before public release,Coverage is entered per coat. Primer and finish coats should be calculated separately when their coverage differs.
Finishes,Waterproofing,waterproofing,calculators/waterproofing.html,waterproofing,Recovered approved contact-sheet render,Rebuilt as calculator-specific standalone HTML using Stage 1 register and source programme concepts,"Pass — default, small, large and decimal formula sets",Internal beta — assumptions disclosed,Pass — responsive mobile controls and single-column breakpoints present,Pass — dedicated print CSS and Print/PDF control present,Verified working route — internal beta,Independent QS/engineering and product-data review before public release,"Includes floor, perimeter upstand and optional wall area. Product rate is entered per coat."
Roofing,Roof Geometry and Pitch,roofGeometry,calculators/roofGeometry.html,roofGeometry,Recovered approved contact-sheet render,Rebuilt as calculator-specific standalone HTML using Stage 1 register and source programme concepts,"Pass — default, small, large and decimal formula sets",Internal beta — assumptions disclosed,Pass — responsive mobile controls and single-column breakpoints present,Pass — dedicated print CSS and Print/PDF control present,Verified working route — internal beta,Independent QS/engineering and product-data review before public release,Symmetrical two-slope gable roof. Pitch is measured from horizontal.
Roofing,Timber Roof Frame,timberRoof,calculators/timberRoof.html,timberRoof,Recovered approved contact-sheet render,Rebuilt as calculator-specific standalone HTML using Stage 1 register and source programme concepts,"Pass — default, small, large and decimal formula sets",Internal beta — assumptions disclosed,Pass — responsive mobile controls and single-column breakpoints present,Pass — dedicated print CSS and Print/PDF control present,Verified working route — internal beta,Independent QS/engineering and product-data review before public release,Simple paired rafters/trusses at uniform spacing on a symmetrical gable roof.
Roofing,Steel Roof Frame,steelRoof,calculators/steelRoof.html,steelRoof,Recovered approved contact-sheet render,Rebuilt as calculator-specific standalone HTML using Stage 1 register and source programme concepts,"Pass — default, small, large and decimal formula sets",Internal beta — assumptions disclosed,Pass — responsive mobile controls and single-column breakpoints present,Pass — dedicated print CSS and Print/PDF control present,Verified working route — internal beta,Independent QS/engineering and product-data review before public release,"Regular frames and purlins on a symmetrical gable roof. Bracing, plates, bolts and connections are excluded."
Roofing,Roof Tiles,roofTiles,calculators/roofTiles.html,roofTiles,Recovered approved contact-sheet render,Rebuilt as calculator-specific standalone HTML using Stage 1 register and source programme concepts,"Pass — default, small, large and decimal formula sets",Internal beta — assumptions disclosed,Pass — responsive mobile controls and single-column breakpoints present,Pass — dedicated print CSS and Print/PDF control present,Verified working route — internal beta,Independent QS/engineering and product-data review before public release,Symmetrical gable roof. Effective tile dimensions include headlap and sidelap.
Roofing,Metal Roofing Sheets,roofSheets,calculators/roofSheets.html,roofSheets,Recovered approved contact-sheet render,Rebuilt as calculator-specific standalone HTML using Stage 1 register and source programme concepts,"Pass — default, small, large and decimal formula sets",Internal beta — assumptions disclosed,Pass — responsive mobile controls and single-column breakpoints present,Pass — dedicated print CSS and Print/PDF control present,Verified working route — internal beta,Independent QS/engineering and product-data review before public release,Symmetrical gable roof with sheets laid eaves-to-ridge. Sheet segmentation is based on available length and end lap.
Roofing,Gutters and Downpipes,gutters,calculators/gutters.html,gutters,Recovered approved contact-sheet render,Rebuilt as calculator-specific standalone HTML using Stage 1 register and source programme concepts,"Pass — default, small, large and decimal formula sets",Internal beta — assumptions disclosed,Pass — responsive mobile controls and single-column breakpoints present,Pass — dedicated print CSS and Print/PDF control present,Verified working route — internal beta,Independent QS/engineering and product-data review before public release,"Uniform gutter runs. Downpipe count is based on maximum spacing, with at least one downpipe per run."
Doors and Windows,Timber Doors,timberDoors,calculators/timberDoors.html,timberDoors,Recovered approved contact-sheet render,Rebuilt as calculator-specific standalone HTML using Stage 1 register and source programme concepts,"Pass — default, small, large and decimal formula sets",Internal beta — assumptions disclosed,Pass — responsive mobile controls and single-column breakpoints present,Pass — dedicated print CSS and Print/PDF control present,Verified working route — internal beta,Independent QS/engineering and product-data review before public release,Single-leaf timber doors with two jambs and one head. Optional threshold is controlled by 0/1 input.
Doors and Windows,Aluminium Doors,aluminiumDoors,calculators/aluminiumDoors.html,aluminiumDoors,Recovered approved contact-sheet render,Rebuilt as calculator-specific standalone HTML using Stage 1 register and source programme concepts,"Pass — default, small, large and decimal formula sets",Internal beta — assumptions disclosed,Pass — responsive mobile controls and single-column breakpoints present,Pass — dedicated print CSS and Print/PDF control present,Verified working route — internal beta,Independent QS/engineering and product-data review before public release,"Rectangular glazed aluminium doors. Perimeter, mullion and transom lengths are calculated separately."
Doors and Windows,Timber Windows,timberWindows,calculators/timberWindows.html,timberWindows,Recovered approved contact-sheet render,Rebuilt as calculator-specific standalone HTML using Stage 1 register and source programme concepts,"Pass — default, small, large and decimal formula sets",Internal beta — assumptions disclosed,Pass — responsive mobile controls and single-column breakpoints present,Pass — dedicated print CSS and Print/PDF control present,Verified working route — internal beta,Independent QS/engineering and product-data review before public release,Rectangular windows using one average timber section for the entered frame and internal members.
Doors and Windows,Aluminium Windows,aluminiumWindows,calculators/aluminiumWindows.html,aluminiumWindows,Recovered approved contact-sheet render,Rebuilt as calculator-specific standalone HTML using Stage 1 register and source programme concepts,"Pass — default, small, large and decimal formula sets",Internal beta — assumptions disclosed,Pass — responsive mobile controls and single-column breakpoints present,Pass — dedicated print CSS and Print/PDF control present,Verified working route — internal beta,Independent QS/engineering and product-data review before public release,Rectangular aluminium windows. A configurable sash factor captures additional sliding/casement profiles.
Doors and Windows,Glass and Glazing,glazing,calculators/glazing.html,glazing,Recovered approved contact-sheet render,Rebuilt as calculator-specific standalone HTML using Stage 1 register and source programme concepts,"Pass — default, small, large and decimal formula sets",Internal beta — assumptions disclosed,Pass — responsive mobile controls and single-column breakpoints present,Pass — dedicated print CSS and Print/PDF control present,Verified working route — internal beta,Independent QS/engineering and product-data review before public release,"Rectangular panes. Density defaults to 2,500 kg/m³. Sealant can be counted on one or both faces."
Doors and Windows,Ironmongery,ironmongery,calculators/ironmongery.html,ironmongery,Recovered approved contact-sheet render,Rebuilt as calculator-specific standalone HTML using Stage 1 register and source programme concepts,"Pass — default, small, large and decimal formula sets",Internal beta — assumptions disclosed,Pass — responsive mobile controls and single-column breakpoints present,Pass — dedicated print CSS and Print/PDF control present,Verified working route — internal beta,Independent QS/engineering and product-data review before public release,Hardware quantities are schedule-based and include a user-defined spare allowance.
